DrugBank_ID,Generic_Name,Total-Target,Total-Enzyme,Total-IonChanel,Total-Transporter,protein_number(1),protein_name(1),organism(1),actions(1),Uniprot_ID(1),gene_name(1),protein_number(2),protein_name(2),organism(2),actions(2),Uniprot_ID(2),gene_name(2),protein_number(3),protein_name(3),organism(3),actions(3),Uniprot_ID(3),gene_name(3),protein_number(4),protein_name(4),organism(4),actions(4),Uniprot_ID(4),gene_name(4),protein_number(5),protein_name(5),organism(5),actions(5),Uniprot_ID(5),gene_name(5),protein_number(6),protein_name(6),organism(6),actions(6),Uniprot_ID(6),gene_name(6),protein_number(7),protein_name(7),organism(7),actions(7),Uniprot_ID(7),gene_name(7),protein_number(8),protein_name(8),organism(8),actions(8),Uniprot_ID(8),gene_name(8),protein_number(9),protein_name(9),organism(9),actions(9),Uniprot_ID(9),gene_name(9),protein_number(10),protein_name(10),organism(10),actions(10),Uniprot_ID(10),gene_name(10),protein_number(11),protein_name(11),organism(11),actions(11),Uniprot_ID(11),gene_name(11),protein_number(12),protein_name(12),organism(12),actions(12),Uniprot_ID(12),gene_name(12),protein_number(13),protein_name(13),organism(13),actions(13),Uniprot_ID(13),gene_name(13)
DB00001,Lepirudin,Nan,Nan,Nan,Nan,1,Prothrombin,Humans,inhibitor,P00734,F2,,,,,,,,,,,,,,,,,,,,,,,,,,,,,,,,,,,,,,,,,,,,,,,,,,,,,,,,,,,,,,,,,,,,,,,,
DB00002,Cetuximab,Nan,Nan,Nan,Nan,1,Epidermal growth factor receptor,Humans,binder,P00533,EGFR,2,Low affinity immunoglobulin gamma Fc region receptor III-B,Humans,binder,O75015,FCGR3B,3,Complement C1q subcomponent subunit A,Humans,binder,P02745,C1QA,4,Complement C1q subcomponent subunit B,Humans,binder,P02746,C1QB,5,Complement C1q subcomponent subunit C,Humans,binder,P02747,C1QC,6,Low affinity immunoglobulin gamma Fc region receptor III-A,Humans,binder,P08637,FCGR3A,7,High affinity immunoglobulin gamma Fc receptor I,Humans,binder,P12314,FCGR1A,8,Low affinity immunoglobulin gamma Fc region receptor II-a,Humans,binder,P12318,FCGR2A,,,,,,,,,,,,,,,,,,,,,,,,,,,,,,
DB00003,Dornase alfa,Nan,Nan,Nan,Nan,1,DNA,Humans,Nan,Nan,Nan,,,,,,,,,,,,,,,,,,,,,,,,,,,,,,,,,,,,,,,,,,,,,,,,,,,,,,,,,,,,,,,,,,,,,,,,
DB00004,Denileukin diftitox,Nan,Nan,Nan,Nan,1,Interleukin-2 receptor subunit alpha,Humans,binder,P01589,IL2RA,2,Interleukin-2 receptor subunit beta,Humans,agonist,P14784,IL2RB,3,Cytokine receptor common subunit gamma,Humans,Nan,P31785,IL2RG,,,,,,,,,,,,,,,,,,,,,,,,,,,,,,,,,,,,,,,,,,,,,,,,,,,,,,,,,,,,
DB00005,Etanercept,Nan,Nan,Nan,Nan,1,Tumor necrosis factor,Humans,inhibitor | antibody,P01375,TNF,2,Lymphotoxin-alpha,Humans,antibody,P01374,LTA,3,High affinity immunoglobulin gamma Fc receptor I,Humans,ligand,P12314,FCGR1A,4,Low affinity immunoglobulin gamma Fc region receptor II-a,Humans,ligand,P12318,FCGR2A,5,Low affinity immunoglobulin gamma Fc region receptor II-b,Humans,ligand,P31994,FCGR2B,6,Low affinity immunoglobulin gamma Fc region receptor II-c,Humans,ligand,P31995,FCGR2C,7,Low affinity immunoglobulin gamma Fc region receptor III-A,Humans,ligand,P08637,FCGR3A,8,Low affinity immunoglobulin gamma Fc region receptor III-B,Humans,ligand,O75015,FCGR3B,9,Complement component 1q (C1q),Humans,ligand,P02745 | P02746 | P02747,C1QA | C1QB | C1QC,,,,,,,,,,,,,,,,,,,,,,,,
DB00006,Bivalirudin,Nan,Nan,Nan,Nan,1,Prothrombin,Humans,inhibitor,P00734,F2,2,Myeloperoxidase,Humans,inhibitor,P05164,MPO,,,,,,,,,,,,,,,,,,,,,,,,,,,,,,,,,,,,,,,,,,,,,,,,,,,,,,,,,,,,,,,,,,
DB00007,Leuprolide,Nan,Nan,Nan,Nan,1,Gonadotropin-releasing hormone receptor,Humans,agonist,P30968,GNRHR,,,,,,,,,,,,,,,,,,,,,,,,,,,,,,,,,,,,,,,,,,,,,,,,,,,,,,,,,,,,,,,,,,,,,,,,
DB00008,Peginterferon alfa-2a,Nan,Nan,Nan,Nan,1,Interferon alpha/beta receptor 2,Humans,agonist,P48551,IFNAR2,2,Interferon alpha/beta receptor 1,Humans,agonist,P17181,IFNAR1,3,Cytochrome P450 1A2,Humans,inhibitor,P05177,CYP1A2,,,,,,,,,,,,,,,,,,,,,,,,,,,,,,,,,,,,,,,,,,,,,,,,,,,,,,,,,,,,
DB00009,Alteplase,Nan,Nan,Nan,Nan,1,Plasminogen,Humans,activator,P00747,PLG,2,Fibrinogen alpha chain,Humans,binder,P02671,FGA,3,Fibrinogen gamma chain,Humans,binder,P02679,FGG,4,Plasminogen activator inhibitor 1,Humans,Nan,P05121,SERPINE1,,,,,,,,,,,,,,,,,,,,,,,,,,,,,,,,,,,,,,,,,,,,,,,,,,,,,,
DB00010,Sermorelin,Nan,Nan,Nan,Nan,1,Growth hormone-releasing hormone receptor,Humans,agonist,Q02643,GHRHR,,,,,,,,,,,,,,,,,,,,,,,,,,,,,,,,,,,,,,,,,,,,,,,,,,,,,,,,,,,,,,,,,,,,,,,,
DB00011,Interferon alfa-n1,Nan,Nan,Nan,Nan,1,Interferon alpha/beta receptor 1,Humans,agonist,P17181,IFNAR1,2,Interferon alpha/beta receptor 2,Humans,agonist,P48551,IFNAR2,3,Cytochrome P450 1A2,Humans,inhibitor,P05177,CYP1A2,,,,,,,,,,,,,,,,,,,,,,,,,,,,,,,,,,,,,,,,,,,,,,,,,,,,,,,,,,,,
DB00012,Darbepoetin alfa,Nan,Nan,Nan,Nan,1,Erythropoietin receptor,Humans,agonist,P19235,EPOR,,,,,,,,,,,,,,,,,,,,,,,,,,,,,,,,,,,,,,,,,,,,,,,,,,,,,,,,,,,,,,,,,,,,,,,,
DB00013,Urokinase,Nan,Nan,Nan,Nan,1,Plasminogen,Humans,activator,P00747,PLG,2,Urokinase plasminogen activator surface receptor,Humans,inducer | modulator,Q03405,PLAUR,3,Plasminogen activator inhibitor 1,Humans,substrate | inducer,P05121,SERPINE1,4,Plasminogen activator inhibitor 2,Humans,substrate | inducer,P05120,SERPINB2,5,Plasma serine protease inhibitor,Humans,substrate,P05154,SERPINA5,6,Low-density lipoprotein receptor-related protein 2,Humans,substrate,P98164,LRP2,7,Suppressor of tumorigenicity 14 protein,Humans,substrate,Q9Y5Y6,ST14,8,Nidogen-1,Humans,ligand,P14543,NID1,9,Macrophage metalloelastase,Humans,substrate,P39900,MMP12,,,,,,,,,,,,,,,,,,,,,,,,
DB00014,Goserelin,Nan,Nan,Nan,Nan,1,Lutropin-choriogonadotropic hormone receptor,Humans,agonist,P22888,LHCGR,2,Gonadotropin-releasing hormone receptor,Humans,agonist,P30968,GNRHR,,,,,,,,,,,,,,,,,,,,,,,,,,,,,,,,,,,,,,,,,,,,,,,,,,,,,,,,,,,,,,,,,,
DB00015,Reteplase,Nan,Nan,Nan,Nan,1,Plasminogen,Humans,activator,P00747,PLG,2,Fibrinogen alpha chain,Humans,Nan,P02671,FGA,3,Plasminogen activator inhibitor 1,Humans,Nan,P05121,SERPINE1,,,,,,,,,,,,,,,,,,,,,,,,,,,,,,,,,,,,,,,,,,,,,,,,,,,,,,,,,,,,
DB00016,Erythropoietin,Nan,Nan,Nan,Nan,1,Erythropoietin receptor,Humans,agonist,P19235,EPOR,,,,,,,,,,,,,,,,,,,,,,,,,,,,,,,,,,,,,,,,,,,,,,,,,,,,,,,,,,,,,,,,,,,,,,,,
DB00017,Salmon calcitonin,Nan,Nan,Nan,Nan,1,Calcitonin receptor,Humans,agonist,P30988,CALCR,,,,,,,,,,,,,,,,,,,,,,,,,,,,,,,,,,,,,,,,,,,,,,,,,,,,,,,,,,,,,,,,,,,,,,,,
DB00018,Interferon alfa-n3,Nan,Nan,Nan,Nan,1,Interferon alpha/beta receptor 1,Humans,agonist,P17181,IFNAR1,2,Interferon alpha/beta receptor 2,Humans,agonist,P48551,IFNAR2,3,Cytochrome P450 1A2,Humans,inhibitor,P05177,CYP1A2,,,,,,,,,,,,,,,,,,,,,,,,,,,,,,,,,,,,,,,,,,,,,,,,,,,,,,,,,,,,
DB00019,Pegfilgrastim,Nan,Nan,Nan,Nan,1,Granulocyte colony-stimulating factor receptor,Humans,agonist,Q99062,CSF3R,2,Neutrophil elastase,Humans,substrate,P08246,ELANE,,,,,,,,,,,,,,,,,,,,,,,,,,,,,,,,,,,,,,,,,,,,,,,,,,,,,,,,,,,,,,,,,,
DB00020,Sargramostim,Nan,Nan,Nan,Nan,1,Granulocyte-macrophage colony-stimulating factor receptor subunit alpha,Humans,agonist,P15509,CSF2RA,2,Interleukin-3 receptor subunit alpha,Humans,agonist,P26951,IL3RA,3,Cytokine receptor common subunit beta,Humans,agonist,P32927,CSF2RB,4,Syndecan-2,Humans,agonist,P34741,SDC2,5,Bone marrow proteoglycan,Humans,Nan,P13727,PRG2,,,,,,,,,,,,,,,,,,,,,,,,,,,,,,,,,,,,,,,,,,,,,,,,
DB00022,Peginterferon alfa-2b,Nan,Nan,Nan,Nan,1,Interferon alpha/beta receptor 1,Humans,agonist,P17181,IFNAR1,2,Interferon alpha/beta receptor 2,Humans,agonist,P48551,IFNAR2,3,Cytochrome P450 1A2,Humans,inhibitor,P05177,CYP1A2,4,Cytochrome P450 2D6,Humans,inhibitor,P10635,CYP2D6,5,Cytochrome P450 2C9,Humans,inducer,P11712,CYP2C9,,,,,,,,,,,,,,,,,,,,,,,,,,,,,,,,,,,,,,,,,,,,,,,,
DB00023,Asparaginase Escherichia coli,Nan,Nan,Nan,Nan,1,L-asparagine,Humans,other/unknown,Nan,Nan,2,Thyroxine-binding globulin,Humans,inhibitor,P05543,SERPINA7,,,,,,,,,,,,,,,,,,,,,,,,,,,,,,,,,,,,,,,,,,,,,,,,,,,,,,,,,,,,,,,,,,
DB00024,Thyrotropin alfa,Nan,Nan,Nan,Nan,1,Thyrotropin receptor,Humans,agonist,P16473,TSHR,,,,,,,,,,,,,,,,,,,,,,,,,,,,,,,,,,,,,,,,,,,,,,,,,,,,,,,,,,,,,,,,,,,,,,,,
DB00025,"Antihemophilic factor, human recombinant",Nan,Nan,Nan,Nan,1,Coagulation factor X,Humans,activator,P00742,F10,2,Coagulation factor IX,Humans,cofactor,P00740,F9,3,von Willebrand factor,Humans,binder,P04275,VWF,4,"Phytanoyl-CoA dioxygenase, peroxisomal",Humans,antagonist,O14832,PHYH,5,Asialoglycoprotein receptor 2,Humans,binder,P07307,ASGR2,6,78 kDa glucose-regulated protein,Humans,chaperone,P11021,HSPA5,7,Calreticulin,Humans,chaperone,P27797,CALR,8,Calnexin,Humans,chaperone,P27824,CANX,9,Protein ERGIC-53,Humans,chaperone,P49257,LMAN1,10,Prolow-density lipoprotein receptor-related protein 1,Humans,modulator,Q07954,LRP1,11,Multiple coagulation factor deficiency protein 2,Humans,modulator,Q8NI22,MCFD2,12,Prothrombin,Humans,activator,P00734,F2,13,Vitamin K-dependent protein C,Humans,substrate,P04070,PROC
DB00026,Anakinra,Nan,Nan,Nan,Nan,1,Interleukin-1 receptor type 1,Humans,antagonist,P14778,IL1R1,,,,,,,,,,,,,,,,,,,,,,,,,,,,,,,,,,,,,,,,,,,,,,,,,,,,,,,,,,,,,,,,,,,,,,,,
DB00027,Gramicidin D,Nan,Nan,Nan,Nan,1,P-glycoprotein 1,Humans,substrate | inhibitor,P08183,ABCB1,,,,,,,,,,,,,,,,,,,,,,,,,,,,,,,,,,,,,,,,,,,,,,,,,,,,,,,,,,,,,,,,,,,,,,,,
DB00028,Human immunoglobulin G,Nan,Nan,Nan,Nan,1,High affinity immunoglobulin gamma Fc receptor I,Humans,antagonist,P12314,FCGR1A,2,High affinity immunoglobulin gamma Fc receptor IB,Humans,antagonist,Q92637,FCGR1B,3,Low affinity immunoglobulin gamma Fc region receptor II-a,Humans,antagonist,P12318,FCGR2A,4,Low affinity immunoglobulin gamma Fc region receptor II-b,Humans,antagonist,P31994,FCGR2B,5,Low affinity immunoglobulin gamma Fc region receptor II-c,Humans,antagonist,P31995,FCGR2C,6,Low affinity immunoglobulin gamma Fc region receptor III-A,Humans,antagonist,P08637,FCGR3A,7,Low affinity immunoglobulin gamma Fc region receptor III-B,Humans,antagonist,O75015,FCGR3B,8,Complement C3,Humans,binder,P01024,C3,9,Complement C4-A,Humans,binder,P0C0L4,C4A,10,Complement C4-B,Humans,binder,P0C0L5,C4B,11,Complement C5,Humans,binder,P01031,C5,,,,,,,,,,,,
DB00029,Anistreplase,Nan,Nan,Nan,Nan,1,Plasminogen,Humans,activator,P00747,PLG,2,Fibrinogen alpha chain,Humans,Nan,P02671,FGA,3,Plasminogen activator inhibitor 1,Humans,Nan,P05121,SERPINE1,,,,,,,,,,,,,,,,,,,,,,,,,,,,,,,,,,,,,,,,,,,,,,,,,,,,,,,,,,,,
DB00030,Insulin human,Nan,Nan,Nan,Nan,1,Insulin receptor,Humans,agonist,P06213,INSR,2,Insulin-like growth factor 1 receptor,Humans,activator,P08069,IGF1R,3,Carboxypeptidase E,Humans,modulator | product of,P16870,CPE,4,Protein NOV homolog,Humans,downregulator,P48745,NOV,5,Low-density lipoprotein receptor-related protein 2,Humans,substrate,P98164,LRP2,6,Insulin-like growth factor-binding protein 7,Humans,inhibitor | binder,Q16270,IGFBP7,7,Insulin-degrading enzyme,Humans,substrate | cleavage,P14735,IDE,8,Neuroendocrine convertase 2,Humans,activator,P16519,PCSK2,9,Neuroendocrine convertase 1,Humans,activator,P29120,PCSK1,10,Cytochrome P450 1A2,Humans,inducer,P05177,CYP1A2,,,,,,,,,,,,,,,,,,
DB00031,Tenecteplase,Nan,Nan,Nan,Nan,1,Plasminogen,Humans,activator,P00747,PLG,2,Fibrinogen alpha chain,Humans,Nan,P02671,FGA,3,Urokinase plasminogen activator surface receptor,Humans,Nan,Q03405,PLAUR,4,Plasminogen activator inhibitor 1,Humans,Nan,P05121,SERPINE1,5,Plasminogen activator inhibitor 2,Humans,Nan,P05120,SERPINB2,6,Tetranectin,Humans,Nan,P05452,CLEC3B,7,"Keratin, type II cytoskeletal 8",Humans,Nan,P05787,KRT8,8,Annexin A2,Humans,Nan,P07355,ANXA2,9,Calreticulin,Humans,Nan,P27797,CALR,10,Calnexin,Humans,Nan,P27824,CANX,11,Prolow-density lipoprotein receptor-related protein 1,Humans,Nan,Q07954,LRP1,,,,,,,,,,,,
DB00032,Menotropins,Nan,Nan,Nan,Nan,1,Follicle-stimulating hormone receptor,Humans,binder,P23945,FSHR,2,Lutropin-choriogonadotropic hormone receptor,Humans,Nan,P22888,LHCGR,,,,,,,,,,,,,,,,,,,,,,,,,,,,,,,,,,,,,,,,,,,,,,,,,,,,,,,,,,,,,,,,,,
DB00033,Interferon gamma-1b,Nan,Nan,Nan,Nan,1,Interferon gamma receptor 1,Humans,binder,P15260,IFNGR1,2,Interferon gamma receptor 2,Humans,binder,P38484,IFNGR2,3,Cytochrome P450 1A2,Humans,inhibitor,P05177,CYP1A2,,,,,,,,,,,,,,,,,,,,,,,,,,,,,,,,,,,,,,,,,,,,,,,,,,,,,,,,,,,,
DB00034,Interferon alfa-2a,Nan,Nan,Nan,Nan,1,Interferon alpha/beta receptor 1,Humans,Nan,P17181,IFNAR1,2,Interferon alpha/beta receptor 2,Humans,Nan,P48551,IFNAR2,3,Cytochrome P450 1A2,Humans,inhibitor,P05177,CYP1A2,,,,,,,,,,,,,,,,,,,,,,,,,,,,,,,,,,,,,,,,,,,,,,,,,,,,,,,,,,,,
DB00035,Desmopressin,Nan,Nan,Nan,Nan,1,Vasopressin V2 receptor,Humans,agonist,P30518,AVPR2,2,Vasopressin V1a receptor,Humans,Nan,P37288,AVPR1A,3,Vasopressin V1b receptor,Humans,Nan,P47901,AVPR1B,4,Prostaglandin G/H synthase 2,Humans,inducer,P35354,PTGS2,5,Prostaglandin G/H synthase 1,Humans,inducer,P23219,PTGS1,,,,,,,,,,,,,,,,,,,,,,,,,,,,,,,,,,,,,,,,,,,,,,,,
DB00036,Coagulation factor VIIa Recombinant Human,Nan,Nan,Nan,Nan,1,Coagulation factor X,Humans,Nan,P00742,F10,2,Tissue factor,Humans,Nan,P13726,F3,3,Tissue factor pathway inhibitor,Humans,Nan,P10646,TFPI,4,Vitamin K-dependent gamma-carboxylase,Humans,Nan,P38435,GGCX,5,Coagulation factor VII,Humans,Nan,P08709,F7,,,,,,,,,,,,,,,,,,,,,,,,,,,,,,,,,,,,,,,,,,,,,,,,
DB00038,Oprelvekin,Nan,Nan,Nan,Nan,1,Interleukin-11 receptor subunit alpha,Humans,agonist,Q14626,IL11RA,,,,,,,,,,,,,,,,,,,,,,,,,,,,,,,,,,,,,,,,,,,,,,,,,,,,,,,,,,,,,,,,,,,,,,,,
DB00039,Palifermin,Nan,Nan,Nan,Nan,1,Fibroblast growth factor receptor 2,Humans,agonist | binder,P21802,FGFR2,2,Fibroblast growth factor receptor 1,Humans,agonist,P11362,FGFR1,3,Basement membrane-specific heparan sulfate proteoglycan core protein,Humans,ligand,P98160,HSPG2,,,,,,,,,,,,,,,,,,,,,,,,,,,,,,,,,,,,,,,,,,,,,,,,,,,,,,,,,,,,
DB00040,Glucagon,Nan,Nan,Nan,Nan,1,Glucagon receptor,Humans,agonist,P47871,GCGR,2,Glucagon-like peptide 2 receptor,Humans,agonist,O95838,GLP2R,3,Glucagon-like peptide 1 receptor,Humans,agonist,P43220,GLP1R,,,,,,,,,,,,,,,,,,,,,,,,,,,,,,,,,,,,,,,,,,,,,,,,,,,,,,,,,,,,
DB00041,Aldesleukin,Nan,Nan,Nan,Nan,,,,,,,,,,,,,,,,,,,,,,,,,,,,,,,,,,,,,,,,,,,,,,,,,,,,,,,,,,,,,,,,,,,,,,,,,,,,,,
