DrugBank_ID,Generic_Name,Total-Target,Total-Enzyme,Total-IonChannel,Total-Transporter,[protein_number(1),protein_name,organism,actions,Uniprot_ID,gene_name],[protein_number(2),protein_name,organism,actions,Uniprot_ID,gene_name],[protein_number(3),protein_name,organism,actions,Uniprot_ID,gene_name],[protein_number(4),protein_name,organism,actions,Uniprot_ID,gene_name],[protein_number(5),protein_name,organism,actions,Uniprot_ID,gene_name],[protein_number(6),protein_name,organism,actions,Uniprot_ID,gene_name],[protein_number(7),protein_name,organism,actions,Uniprot_ID,gene_name],[protein_number(8),protein_name,organism,actions,Uniprot_ID,gene_name],[protein_number(9),protein_name,organism,actions,Uniprot_ID,gene_name]
DB00001,Lepirudin,1,0,0,0,[1,Prothrombin,Humans,inhibitor,P00734,F2]
DB00002,Cetuximab,8,0,0,0,[1,Epidermal growth factor receptor,Humans,binder,P00533,EGFR],[2,Low affinity immunoglobulin gamma Fc region receptor III-B,Humans,binder,O75015,FCGR3B],[3,Complement C1q subcomponent subunit A,Humans,binder,P02745,C1QA],[4,Complement C1q subcomponent subunit B,Humans,binder,P02746,C1QB],[5,Complement C1q subcomponent subunit C,Humans,binder,P02747,C1QC],[6,Low affinity immunoglobulin gamma Fc region receptor III-A,Humans,binder,P08637,FCGR3A],[7,High affinity immunoglobulin gamma Fc receptor I,Humans,binder,P12314,FCGR1A],[8,Low affinity immunoglobulin gamma Fc region receptor II-a,Humans,binder,P12318,FCGR2A]
DB00003,Dornase alfa,1,0,0,0,[1,DNA,Humans,Nan,Nan,Nan]
DB00004,Denileukin diftitox,2,0,0,0,[1,Interleukin-2 receptor subunit alpha,Humans,binder,P01589,IL2RA],[2,Interleukin-2 receptor subunit beta,Humans,agonist,P14784,IL2RB]
DB00005,Etanercept,9,0,0,0,[1,Tumor necrosis factor,Humans,inhibitor,P01375,TNF],[2,Lymphotoxin-alpha,Humans,antibody,P01374,LTA],[3,High affinity immunoglobulin gamma Fc receptor I,Humans,ligand,P12314,FCGR1A],[4,Low affinity immunoglobulin gamma Fc region receptor II-a,Humans,ligand,P12318,FCGR2A],[5,Low affinity immunoglobulin gamma Fc region receptor II-b,Humans,ligand,P31994,FCGR2B],[6,Low affinity immunoglobulin gamma Fc region receptor II-c,Humans,ligand,P31995,FCGR2C],[7,Low affinity immunoglobulin gamma Fc region receptor III-A,Humans,ligand,P08637,FCGR3A],[8,Low affinity immunoglobulin gamma Fc region receptor III-B,Humans,ligand,O75015,FCGR3B],[9,Complement component 1q (C1q),Humans,ligand,P02745,C1QA]
DB00006,Bivalirudin,1,1,0,0,[1,Prothrombin,Humans,inhibitor,P00734,F2],[1,Myeloperoxidase,Humans,inhibitor,P05164,MPO]
DB17382,AUM-601,0,0,0,0
DB17383,FN-1501,0,0,0,0
DB17384,Tinengotinib,0,0,0,0
DB17385,Lipotecan,0,0,0,0
DB17386,Xenon Xe-129,0,0,0,0
